Threshold,Accuracy,Precision,Recall,F1-score,ROC-AUC,Average Precision
0.7693333333333334,0.9302325581395349,0.9117647058823529,1.0,0.9538461538461539,0.9704301075268817,0.9890464176873095
