Threshold,Accuracy,Precision,Recall,F1-score,ROC-AUC
0.35,0.9230769230769231,0.9333333333333333,0.9655172413793104,0.9491525423728814,0.9689655172413794
