Threshold,Best CV Recall,Accuracy,Precision,Recall,F1-score,ROC-AUC
0.57,0.975,0.9487179487179487,0.9655172413793104,0.9655172413793104,0.9655172413793104,0.9689655172413794
